timestamp,emotion
2025-04-15 06:00:54.372105,neutral
2025-04-15 06:02:37.866878,neutral
2025-04-15 06:02:46.919653,neutral
2025-04-15 06:03:34.124830,neutral
2025-04-15 06:03:43.122825,neutral
2025-04-15 06:03:49.260461,neutral
2025-04-15 06:07:09.874601,sadness
2025-04-15 06:07:25.749317,sadness
2025-04-15 09:55:50.102649,sadness
2025-04-15 10:00:22.985136,sadness
2025-04-15 10:12:43.370007,sadness
2025-04-15 12:18:13.314960,sadness
2025-04-15 14:10:32.178635,neutral
2025-04-15 14:11:03.111415,sadness
2025-04-15 14:12:13.585614,sadness
2025-04-15 14:12:45.033702,neutral
2025-04-15 14:15:32.032691,neutral
2025-04-15 14:16:56.806489,neutral
2025-04-15 14:19:11.719804,joy
2025-04-15 14:20:41.722611,joy
2025-04-16 09:46:50.445221,joy
2025-04-16 09:47:03.646018,joy
2025-04-16 09:49:20.160656,joy
2025-04-16 09:50:31.561152,joy
2025-04-16 09:50:47.499291,joy
2025-04-16 09:53:08.818822,joy
2025-04-16 09:53:16.397365,joy
2025-04-16 09:53:26.276339,joy
2025-04-16 09:55:44.835155,joy
2025-04-16 09:56:28.423242,joy
2025-04-16 09:56:38.178823,joy
2025-04-16 09:57:24.748565,joy
2025-04-16 09:57:31.797501,joy
2025-04-16 09:57:45.179710,joy
2025-04-16 09:59:10.546709,joy
2025-04-16 10:19:01.782089,joy
2025-04-16 10:20:02.341064,joy
2025-04-16 10:20:25.438384,sadness
2025-04-16 10:20:57.356182,neutral
2025-04-16 10:21:36.519186,neutral
